#,Name,Mnemonic,IP,State
1,National Support Center,PDS,,CA
2,Murfreesboro 3,D0002,10.51.211.11,TN
3,Olney 1,D0003,10.55.25.11,MD
4,West St. Paul 1,D0004,10.55.33.11,MN
6,Irvine,IRV,192.168.220.11,CA
11,Irvine 2,IRV2,10.51.185.11,CA
12,Norco,NRC,10.50.145.11,CA
13,Chico,D0013,10.53.89.11,CA
14,Roseville 4,D0014,10.55.60.11,CA
15,Rancho Cucamonga 2,RC2,10.50.133.11,CA
16,Vista 2,VS2,10.50.168.11,CA
17,Riverside 1,RV1,10.50.132.11,CA
18,Newbury Park,NBP1,10.51.171.11,CA
19,Yorba Linda,YBL,10.50.112.11,CA
20,San Bernardino 2,SB2,10.50.120.11,CA
21,Lake Forest,LAK,192.168.85.11,CA
22,Victorville,VIC,192.168.88.11,CA
23,Yucaipa,YUC,192.168.90.11,CA
24,Camarillo,CAM,192.168.89.11,CA
25,Murrieta,MUR,192.168.95.11,CA
26,Rancho SM,RS3,192.168.237.11,CA
27,La Canada Flintridge,LCD1,10.51.181.11,CA
28,Hemet,HEM,10.50.119.11,CA
30,Santa Clarita,SCA,10.50.104.11,CA
31,Bakersfield,BAK,10.50.103.11,CA
32,Huntington Beach 2,HB2,10.50.105.11,CA
33,San Marcos,SAM,10.50.106.11,CA
34,Eastvale,EAS,10.50.109.11,CA
35,Bakersfield 2,BA2,10.50.111.11,CA
36,Oceanside 3,OC3,10.50.113.11,CA
37,Burbank,BUR,10.50.116.11,CA
38,Riverside 5,RV5,10.50.137.11,CA
39,Simi Valley 2,SIM2,10.50.245.11,CA
40,Wildomar 2,WI2,10.50.121.11,CA
41,Murrieta 3,MU3,10.50.123.11,CA
42,Castaic,CAS,10.50.117.11,CA
43,Fontana,FON,10.50.114.11,CA
44,Tierrasanta,TIS,10.50.115.11,CA
45,Simi Valley 3,SI3,10.50.125.11,CA
46,Murrieta 4,MU4,10.50.126.11,CA
47,Valencia 3,VA3,10.50.152.11,CA
48,Moreno Valley,MOV,10.50.144.11,CA
49,Corona 3,CO3,10.50.128.11,CA
50,Upland,UPL,192.168.159.11,CA
51,Palm Desert,PMD,192.168.235.11,CA
52,Riverside 3,RV3,10.52.18.11,CA
53,Laguna Beach,LAG,192.168.231.11,CA
54,Temecula 1,TEM,192.168.233.11,CA
55,Tustin,TUS,192.168.234.11,CA
56,Anaheim Hills,ANH,192.168.236.11,CA
57,Visalia 3,D0057,10.55.15.11,CA
58,Laguna Niguel,LNN,192.168.238.11,CA
59,Chino Hills 1,CH2,10.50.102.11,CA
60,San Diego 11,D0060,10.55.23.11,CA
61,Hesperia 2,HS2,192.168.241.11,CA
62,Rancho Cucamonga,CUC,192.168.242.11,CA
63,Henderson 10,D0063,10.55.38.11,NV
64,La Quinta,LAQ,192.168.244.11,CA
66,San Bernardino,SBE,192.168.245.11,CA
67,Pacific Beach,D0067,10.52.76.11,CA
68,Murrieta 2,MU2,192.168.99.11,CA
69,Wildomar,WIL,192.168.98.11,CA
70,San Clemente,SCL,10.50.1.11,CA
71,Huntington Beach,HB1,192.168.104.11,CA
72,Oceanside,OCN,192.168.247.11,CA
73,Corona 2,CO2,192.168.103.11,CA
74,Redlands,RED,192.168.105.11,CA
75,Rialto,RIA,192.168.106.11,CA
76,Temecula 2,TM2,10.50.82.11,CA
77,Cathedral City,CAT,10.50.83.11,CA
78,Menifee,MEN,10.50.84.11,CA
79,Escondido,ESC,N/A,CA
80,Simi Valley,SIM,10.50.86.11,CA
81,Thousand Oaks,THO,10.50.87.11,CA
82,Santee,SAN,10.50.88.11,CA
83,Vista,VIS,10.50.89.11,CA
84,Valencia,VAL,10.50.90.11,CA
85,La Verne,LAV,10.50.91.11,CA
86,San Dimas,SND,10.50.92.11,CA
87,Poway,POW,10.50.93.11,CA
88,Valencia 2,VA2,10.50.94.11,CA
89,Northridge,NOR,10.50.95.11,CA
90,Oceanside 2,OC2,10.50.96.11,CA
91,UTC,UTC1,10.51.188.11,CA
92,Elk Grove,ELK,10.50.98.11,CA
93,Rancho Cordova,RAC,10.50.99.11,CA
94,Roseville 1,ROS,10.50.100.11,CA
95,Fair Oaks,FAO,10.50.101.11,CA
96,Natomas,NAT,10.50.107.11,CA
97,Roseville 2,RO2,10.50.108.11,CA
98,Citrus Heights,CIT,10.50.110.11,CA
99,Folsom,FOL,10.50.118.11,CA
101,Stockton,STO,10.50.139.11,CA
102,Lincoln,LNC,10.50.148.11,CA
103,Roseville 3,RO3,10.50.147.11,CA
104,Elk Grove 2,EG2,10.50.192.11,CA
105,Natomas 2,NA2,10.50.150.11,CA
106,Rocklin,ROC,10.50.151.11,CA
107,El Dorado Hills,EDH,10.50.179.11,CA
108,San Diego 10,D0108,10.54.221.11,CA
109,Castro Valley,CVL1,10.51.177.11,CA
110,Gilbert,GIL,10.50.122.11,AZ
111,Chandler,CND,10.50.141.11,AZ
112,Desert Ridge,DSR,10.50.124.11,AZ
113,Las Tiendas,LAT,10.50.130.11,AZ
114,West Seattle 1,D0114,10.55.19.11,WA
115,Murrieta 6,D0115,10.55.12.11,CA
116,Avondale,AVO,10.50.164.11,AZ
117,Buckeye 1,SDC,10.50.195.11,AZ
118,Peoria 1,PEO1,10.50.220.11,AZ
119,Arlington 2,D0119,10.54.247.11,TX
120,Surprise,SPR,10.50.176.11,AZ
121,Tolleson,TOL,10.50.170.11,AZ
122,Gilbert 3,GI3,10.50.183.11,AZ
123,Tatum,TAT,10.50.156.11,AZ
124,Avondale 2,AV2,10.50.174.11,AZ
125,Queen Creek,QNC,10.50.196.11,AZ
126,Superstition,SPS,10.50.193.11,AZ
127,Pacific Highlands 1,D0127,10.52.194.11,CA
128,Tucson,TCN,10.50.181.11,AZ
129,Gilbert 2,GI2,,AZ
130,Lake Elsinore 2,EL2,10.50.166.11,CA
131,Costa Mesa 2,CM2,10.50.127.11,CA
132,Mission Viejo,MSV,10.50.135.11,CA
133,Encinitas,ENC,10.50.138.11,CA
134,Thousand Oaks 2,TO2,10.50.129.11,CA
135,Upland 2,UP2,10.50.131.11,CA
136,West Hills,WSH,10.50.142.11,CA
137,Sharpsburg 1,ELC,10.54.249.11,GA
138,Ventura Main,VNT,10.50.140.11,CA
139,Lake Elsinore,ELS,10.50.143.11,CA
140,Foothill Ranch,FHR,10.50.158.11,CA
141,Temecula 3,TM3,10.50.163.11,CA
142,Palmdale,PAL,10.50.165.11,CA
143,Westlake Village 1,WLV1,10.51.143.11,CA
144,Moorpark,MRP,10.50.187.11,CA
145,Apple Valley 2,APV2,10.50.204.11,CA
146,Apple Valley 1,APV,10.50.199.11,CA
147,Palm Desert 2,PM2,10.50.205.11,CA
148,Diamond Bar,DBR1,10.51.32.11,CA
149,Glendora,GLN,10.50.191.11,CA
150,Fontana 2,FN2,10.50.189.11,CA
151,Rancho Cucamonga 5,CUC5,10.51.167.11,CA
152,Perris,PRS,10.50.200.11,CA
153,Turlock,TLK1,10.51.180.11,CA
154,Manteca,MTC,10.50.201.11,CA
155,North Las Vegas 4,D0155,10.55.17.11,NV
156,Murrieta 5,MU5,10.50.167.11,CA
157,Antelope,ANT,10.50.146.11,CA
158,Arcadia,ARC,10.50.177.11,CA
159,Granada Hills,GRH,10.50.182.11,CA
160,Moreno Valley 2,MV2,10.50.198.11,CA
161,Reno 1,RNO1,10.51.145.11,NV
162,Lake Mead,LMD,10.50.160.11,NV
163,San Jacinto,SNJ1,10.50.218.11,CA
164,Rancho Mirage,RMR,10.50.207.11,CA
165,Victorville 2,VC2,10.50.175.11,CA
166,Camarillo 2,CA2,10.50.157.11,CA
167,Folsom 2,D0167,10.55.41.11,CA
168,Pasadena,PAS,10.50.159.11,CA
169,Shadow Mountain,SHM,10.50.197.11,NV
170,Rainbow,RNB,10.50.161.11,NV
171,Montecito,MNT,10.50.162.11,NV
172,Silverado Ranch,SVR,10.50.186.11,NV
173,Alexander,MLK,10.50.155.11,NV
174,Durango,DUR,10.50.154.11,NV
176,Canyon Pointe,CYP,10.50.188.11,NV
177,Henderson 2,HN2,10.50.202.11,NV
178,Reno 2,RNO2,10.51.174.11,NV
179,Blue Diamond,BLU1,10.50.211.11,NV
180,Fresno 1,D0180,10.52.134.11,CA
181,Kensington,D0181,10.52.82.11,CA
182,Chula Vista,CHV,10.50.185.11,CA
183,Mira Loma,MRL,10.50.203.11,CA
184,Prescott Valley,D0184,10.52.68.11,AZ
185,Oro Valley 1,ORO1,10.50.217.11,AZ
186,Peoria 2,PEO2,10.50.208.11,AZ
187,Henderson 1,HEN1,10.50.214.11,NV
188,Mountains Edge,MTE1,10.50.219.11,NV
189,Sparks 1,D0189,10.52.30.11,NV
190,Flagstaff,D0190,10.52.110.11,AZ
191,Fullerton,FLT1,10.51.166.11,CA
192,La Habra,LHB1,10.51.52.11,CA
193,Rancho Bernardo,RBR,10.50.190.11,CA
194,Reno 3,D0194,10.51.236.11,NV
195,Flamingo,FMG1,10.51.48.11,NV
196,Sahuarita,SRT1,10.51.89.11,AZ
197,Chino,CNO1,10.50.225.11,CA
198,Henderson 4,HEN4,10.51.182.11,NV
199,Vacaville,VCV1,10.51.96.11,CA
200,Mesa 7,D0200,10.50.56.11,AZ
201,Highland,HLD1,10.50.236.11,CA
202,Las Vegas 1,VGS1,10.51.74.11,NV
203,Phoenix 4 EKD,PHX4K,10.51.90.11,AZ
204,Phoenix 7,PHX7,10.51.210.11,AZ
205,Ontario,ONT1,10.50.210.11,CA
206,Queen Creek 2,QNC2,10.50.222.11,AZ
207,Beaumont,BMT1,10.50.229.11,CA
208,Henderson 9 HC,D0208,10.64.181.11,NV
209,Brentwood 1,BRW1,10.51.109.11,CA
210,Elk Grove 3,D0210,10.55.26.11,CA
211,Menifee 2,MEN2,10.50.232.11,CA
212,Oro Valley 2,ORO2,10.50.239.11,AZ
213,Prescott,PSC1,10.51.62.11,AZ
214,Castle Rock 2,D0214,10.54.227.11,CO
215,Surprise 2,SPR2,10.51.39.11,AZ
216,Goodyear,GYR1,10.50.233.11,AZ
217,Cottonwood,CWD1,10.51.208.11,AZ
218,Redondo Beach 1,RDB1,10.51.107.11,CA
219,Richmond 1,D0219,10.55.40.11,TX
220,Natomas 3,NAT3,10.50.216.11,CA
221,City of Industry,IND1,10.50.221.11,CA
222,Scottsdale,SCT1,10.51.44.11,AZ
223,Rancho Cucamonga 3,RC3,10.50.206.11,CA
224,Casa Grande,CGR1,10.50.246.11,AZ
225,Hesperia 3,HES3,10.50.231.11,CA
226,Tramonto,TRM1,10.50.215.11,AZ
227,Alamo,ALM1,10.51.198.11,CA
228,West Sacramento,WSC1,10.50.228.11,CA
229,Palmdale 2,PAL2,10.50.230.11,CA
230,Hacienda Heights,HCH1,10.50.213.11,CA
231,Pleasant Hill,PLH1,10.51.66.11,CA
232,Santee 2,SAN2,10.50.212.11,CA
233,Tucson 3,TCN3,10.51.40.11,AZ
234,Maricopa 1,MRC1,10.51.144.11,AZ
235,Phoenix 4,PHX4,10.50.249.11,AZ
236,Phoenix 6,PHX6,10.51.45.11,AZ
237,North Las Vegas 1,NLV1,10.51.131.11,NV
238,Henderson 3,HEN3,10.51.106.11,NV
239,Clovis,D0239,10.52.28.11,CA
240,Clairemont,CLM1,10.51.161.11,CA
241,Monrovia,MNR1,10.51.77.11,CA
242,Peoria 3,PEO3,10.50.244.11,AZ
243,Carlsbad,CRL1,10.50.241.11,CA
244,Rocklin 2,D0244,10.52.152.11,CA
245,Auburn,ABR1,10.50.248.11,CA
246,Tucson 2,TCN2,10.50.247.11,AZ
247,Woodland,WLD1,10.51.17.11,CA
248,Mesa,MES1,10.51.14.11,AZ
249,Phoenix 5,PHX5,10.51.23.11,AZ
250,Tierrasanta 2,TIS2,10.51.16.11,CA
251,Escondido 2,ESC2,10.50.85.11,CA
252,Tracy,TCY1,10.51.25.11,CA
253,Sacramento 1,D0253,10.52.160.11,CA
254,Lakewood CA,LWD1,10.51.42.11,CA
255,RSD,RSD1,10.51.43.11,CA
256,Marana,MRN1,10.51.33.11,AZ
257,Tempe,TPE1,10.51.47.11,AZ
258,Laveen,LVN1,10.51.50.11,AZ
259,Brea,BRE1,10.51.78.11,CA
260,Tucson 4 EKD,TCN4,10.51.88.11,AZ
261,Buckeye 2 EKD,BUC2,10.51.86.11,AZ
262,Mesa 2,MES2,10.51.97.11,AZ
263,Bakersfield 3,BAK3,10.51.133.11,CA
264,Hesperia 4,HES4,10.51.85.11,CA
265,Yorba Linda 2,YBL2,10.51.75.11,CA
266,Queen Creek 3,QNC3,10.51.117.11,AZ
267,Gilbert 4,GIL4,10.51.165.11,AZ
268,Scottsdale 2,SCT2,10.51.108.11,AZ
269,Davis 1,DVS1,10.51.222.11,CA
270,Mission Valley 1,MVY1,10.51.122.11,CA
271,Bakersfield 4,BAK4,10.51.162.11,CA
272,Seal Beach (Rossmoor),SLB1,10.51.194.11,CA
273,San Marcos 2,SAM2,10.51.121.11,CA
274,Chula Vista 2,CHV2,10.51.129.11,CA
275,Livermore 1,LVM1,10.51.138.11,CA
276,Harbor City,D0276,10.54.212.11,CA
277,Tucson 5,TCN5,10.51.142.11,AZ
278,Chandler 2,CND2,10.51.168.11,AZ
279,Tucson 6,TCN6,10.51.157.11,AZ
280,Pleasanton 1,PLS1,10.51.135.11,CA
281,Hermosa Beach 1,HMS1,10.51.175.11,CA
282,Torrance 1,TRC1,10.51.139.11,CA
283,Huntington Beach 3,D0283,10.52.42.11,CA
284,Petaluma 1,PTL1,10.51.204.11,CA
285,Dublin 1,D0285,10.52.26.11,CA
286,Fairfield,FFD1,10.51.214.11,CA
287,Fresno 2,D0287,10.52.50.11,CA
288,Long Beach 1,D0288,10.51.234.11,CA
289,Sparks 2,D0289,10.52.200.11,NV
290,Visalia 1,D0290,10.52.120.11,CA
291,Temecula 4,D0291,10.54.228.11,CA
292,Glendale 1,D0292,10.52.38.11,AZ
293,Phoenix 8,D0293,10.52.56.11,AZ
294,Cave Creek,D0294,10.52.150.11,AZ
295,West Covina 1,D0295,10.53.20.11,CA
296,Novato,D0296,10.52.48.11,CA
297,Alameda,D0297,10.52.166.11,CA
298,Downey,D0298,10.53.30.11,CA
299,Pinole,D0299,10.53.44.11,CA
300,Riverside 7,D0300,10.55.54.11,CA
301,Wilsonville 1,WVL1,10.51.105.11,OR
302,Tigard,TGR1,10.51.111.11,OR
303,Oregon City,ORC1,10.51.120.11,OR
304,Clackamas 1,CKM1,10.51.224.11,OR
305,Tualatin 1,TLT1,10.51.154.11,OR
306,Gresham,GSH1,10.51.151.11,OR
307,Hillsboro,HBR1,10.51.232.11,OR
308,McKinney 2,D0308,10.55.52.11,TX
309,Sherwood,D0309,10.52.132.11,OR
310,Nashville 7,D0310,10.50.40.11,TN
311,Portland 1,PLD1,10.51.230.11,OR
312,Portland 2,D0312,10.52.196.11,OR
313,Tigard 2,D0313,10.52.248.11,OR
314,Las Vegas 14,D0314,10.54.151.11,NV
315,Beaverton,D0315,10.54.80.11,OR
316,Battle Ground,D0316,10.53.244.11,WA
317,Hillsboro 2,D0317,10.54.22.11,OR
318,Gladstone,D0318,10.54.182.11,OR
319,Apollo Beach 1,D0319,10.54.225.11,FL
320,Portland 3,D0320,10.53.117.11,OR
321,Vancouver 3,D0321,10.53.81.11,WA
322,Bellevue 1,D0322,10.53.197.11,WA
323,Puyallup 2,D0323,10.54.33.11,WA
324,Henderson 9,D0324,10.54.181.11,NV
325,San Diego 5,D0325,10.53.145.11,CA
326,Mukilteo,D0326,10.53.187.11,WA
327,Auburn WA,D0327,10.53.137.11,WA
328,Corona 4,D0328,10.53.107.11,CA
329,Vista 3,D0329,10.53.179.11,CA
330,Puyallup 3,D0330,10.53.207.11,WA
331,Gilbert 6,D0331,10.54.119.11,AZ
332,Las Vegas 12,D0332,10.53.57.11,NV
333,Sacramento 5,D0333,10.53.103.0,CA
334,Henderson 7,D0334,10.53.163.11,NV
335,Queen Creek 4,D0335,10.54.35.11,AZ
336,Ontario 2,D0336,10.54.169.11,CA
337,Sacramento 6,D0337,10.53.189.11,CA
338,Anaheim 1,D0338,10.53.185.11,CA
339,Oxnard 4,D0339,10.53.177.11,CA
340,Scottsdale 6,D0340,10.53.123.11,AZ
341,Sparks 3,D0341,10.54.145.11,NV
342,Norco HC,D0342,10.60.145.11,CA
343,Brentwood CA,D0343,10.53.211.11,CA
345,Henderson 3 HC,HEN3,10.61.106.11,NV
346,Renton,RTN1,10.51.176.11,WA
347,Puyallup,PYP1,10.51.212.11,WA
348,Lynnwood,D0348,10.51.228.11,WA
349,Issaquah,D0349,10.51.238.11,WA
350,Tukwila,D0350,10.52.66.11,WA
351,Vancouver,D0351,10.52.122.11,WA
352,Gig Harbor,D0352,10.52.36.11,WA
353,Snohomish,D0353,10.52.94.11,WA
354,Marysville,D0354,10.53.62.11,WA
355,Kent,D0355,10.52.146.11,WA
356,Maple Valley,D0356,10.52.138.11,WA
357,Vancouver 2,D0357,10.52.232.11,WA
358,Lacey,D0358,10.52.198.11,WA
359,Seattle 1,D0359,10.52.216.11,WA
360,Sammamish,D0360,10.53.206.11,WA
361,Silverdale,D0361,10.53.36.11,WA
362,Las Vegas 13,D0362,10.53.165.11,NV
363,Mesa 5,D0363,10.53.109.11,AZ
364,University Place,D0364,10.53.172.11,WA
365,Bonney Lake,D0365,10.53.224.11,WA
366,LakewoodWA,D0366,10.53.156.11,WA
367,Henderson 8,D0367,10.54.93.11,NV
368,Marysville 2,D0368,10.54.98.11,WA
369,Everett,D0369,10.53.246.11,WA
370,Federal Way,D0370,10.53.23.11,WA
371,Seattle 2,D0371,10.53.220.11,WA
372,Lake Stevens,D0372,10.54.102.11,WA
373,Clovis 2,D0373,10.54.69.11,CA
374,Everett 2,D0374,10.54.138.11,WA
375,Covington,D0375,10.54.172.11,WA
376,Stanton,D0376,10.53.153.11,CA
377,Seattle 3,D0377,10.54.196.11,WA
378,Pasadena 2,D0378,10.53.219.11,CA
379,Redmond,D0379,10.54.236.11,WA
380,Yuba City,D0380,10.54.233.11,CA
381,Tacoma,D0381,10.53.105.11,WA
382,San Diego 8,D0382,10.54.219.11,CA
383,Tucson 10,D0383,10.54.210.11,AZ
384,Las Vegas 11,D0384,10.54.230.11,NV
385,Mission Hills LA CA,D0385,10.53.77.11,CA
386,Palm Desert 3,D0386,10.54.105.11,CA
387,Irvine 3,D0387,10.53.43.11,CA
388,Maricopa 2 KD,D0388,10.54.63.11,AZ
389,Phoenix 14 SNC,D0389,10.53.29.11,AZ
390,Oceanside 4,D0390,10.54.250.11,CA
391,Las Vegas 10,D0391,10.54.252.11,NV
392,Studio City,D0392,10.54.186.11,CA
393,San Diego 4,D0393,10.54.184.11,CA
394,Hemet 2,D0394,10.54.192.11,CA
395,Huntington Beach 4,D0395,10.54.162.11,CA
396,Lake Oswego,D0396,10.54.27.0,OR
397,Flagstaff 2,D0397,10.54.141.11,AZ
398,Phoenix 13,D0398,10.54.240.11,AZ
401,Pomona 1,D0401,10.52.192.11,CA
402,Visalia 2,D0402,10.52.182.11,CA
403,Santee 3,D0403,10.52.74.11,CA
404,La Costa,D0404,10.52.80.11,CA
405,Claremont,D0405,10.52.102.11,CA
406,East Village,D0406,10.53.46.11,CA
407,Rohnert Park,D0407,10.52.124.11,CA
408,Whittier 1,D0408,10.55.50.11,CA
409,Fresno 3,D0409,10.52.118.11,CA
410,Las Vegas 17,D0410,,NV
411,Placerville,D0411,10.52.126.11,CA
412,Modesto,D0412,10.53.22.11,CA
413,Orange,D0413,10.52.188.11,CA
414,Winter Garden 1,D0414,10.50.41.11,FL
415,Long Beach 2,D0415,10.52.218.11,CA
416,Lodi,D0416,10.54.204.11,CA
417,Chino Hills 4,D0417,10.54.64.11,CA
418,Torrance 2,D0418,10.53.84.11,CA
419,Fort Mill,D0419,10.54.195.11,SC
420,San Diego 1,D0420,10.52.178.11,CA
421,Lancaster,D0421,10.52.212.11,CA
422,Vacaville 2,D0422,10.53.76.11,CA
423,Mission Hills,D0423,10.52.190.11,CA
424,Rancho San Diego 2,D0424,10.52.210.11,CA
425,Palm Springs,D0425,10.53.42.11,CA
426,South Pasadena,D0426,10.53.106.11,CA
427,Cerritos,D0427,10.54.177.11,CA
428,Menifee 3,D0428,10.54.16.11,CA
429,Bay Park,D0429,10.53.124.11,CA
430,Rancho Palos Verdes,D0430,10.53.74.11,CA
431,Modesto 2,D0431,10.54.46.11,CA
432,Encinitas 2,D0432,10.53.80.11,CA
433,Sacramento 2,D0433,10.54.50.11,CA
434,Carmel Valley,D0434,10.53.108.11,CA
435,Carlsbad 2,D0435,10.53.100.11,CA
436,Perris 2,D0436,10.53.216.11,CA
437,Sacramento 3,D0437,10.53.116.11,CA
438,Tustin 2,D0438,10.54.18.11,CA
439,Oxnard 3,D0439,10.53.119.11,CA
440,Chula Vista 3,D0440,10.53.49.11,CA
441,Rancho Cordova 2,D0441,10.53.236.11,CA
442,Riverside 6,D0442,10.53.136.11,CA
443,Redondo Beach 2,D0443,10.53.152.11,CA
444,La Mesa,D0444,10.53.158.11,CA
445,Carson,D0445,10.53.160.11,CA
446,Beaumont 2,D0446,10.54.198.11,CA
447,Topeka 1,D0447,,KS
448,Eastvale 2,D0448,10.54.26.11,CA
449,Anaheim Hills 2,D0449,10.54.90.11,CA
450,Long Beach 3,D0450,10.53.238.11,CA
451,Bakersfield 5,D0451,10.54.214.11,CA
452,Del Mar,D0452,10.53.248.11,CA
453,El Cerrito,D0453,10.54.58.11,CA
454,Indio,D0454,10.54.96.11,CA
455,Fontana 3,D0455,10.54.242.11,CA
456,San Diego 2,D0456,10.54.74.11,CA
457,Sacramento 4,D0457,10.53.45.11,CA
458,Tracy 2,D0458,10.54.194.11,CA
459,Chatsworth,D0459,10.54.128.11,CA
460,Irvine 4,D0460,10.54.129.11,CA
461,Glendale CA,D0461,10.54.142.11,CA
462,Buena Park,D0462,10.54.146.11,CA
463,Woodinville 1,D0463,10.55.24.11,WA
464,Costa Mesa 3,D0464,10.54.150.11,CA
465,El Dorado HIlls 2,D0465,10.54.75.11,CA
466,Tucson 7,D0466,10.52.128.11,AZ
467,Scottsdale 3,D0467,10.52.208.11,AZ
468,Mesa 3,D0468,10.53.140.11,AZ
469,Scottsdale 4,D0469,10.52.234.11,AZ
470,Phoenix 9,D0470,10.53.78.11,AZ
471,Apache Junction,D0471,10.54.56.11,AZ
472,Laveen 2,D0472,10.53.82.11,AZ
473,Phoenix 10,D0473,10.53.96.11,AZ
474,Goodyear 2,D0474,10.54.78.11,AZ
475,Tucson 8,D0475,10.53.190.11,AZ
476,Scottsdale 5,D0476,10.54.40.11,AZ
477,Tucson 9,D0477,10.54.70.11,AZ
478,Auburn 2,D0478,10.54.211.11,WA
479,San Diego 6,D0479,10.53.239.11,CA
480,Surprise 3 KD,D0480,10.53.125.11,AZ
481,Phoenix 12,D0481,10.54.216.11,AZ
482,Mesa 4,D0482,10.54.43.11,AZ
483,Glendale 2,D0483,10.54.218.11,AZ
484,Vail,D0484,10.53.113.11,AZ
485,Gilbert 5,D0485,10.54.91.11,AZ
486,Las Vegas 9,D0486,10.54.61.11,NV
487,Las Vegas 8,D0487,10.54.164.11,NV
488,Las Vegas 7,D0488,10.54.206.11,NV
489,North Las Vegas 3,D0489,10.53.230.11,NV
490,Reno 4,D0490,10.52.222.11,NV
491,Las Vegas 2,D0491,10.52.224.11,NV
492,Las Vegas 3,D0492,10.52.238.11,NV
493,Las Vegas 4,D0493,10.53.40.11,NV
494,Henderson 5,D0494,10.52.250.11,NV
495,Henderson 6,D0495,10.53.38.11,NV
496,Carson City,D0496,10.54.42.11,NV
497,North Las Vegas 2,D0497,10.53.254.11,NV
498,Las Vegas 5,D0498,10.53.126.11,NV
499,Las Vegas 6,D0499,10.53.174.11,NV
500,Perris 3,D0500,10.55.21.11,CA
501,Aurora 1,ARA1,10.50.226.11,CO
502,Westminster 2,WMS2,10.50.240.11,CO
503,Superior,SUP1,10.50.238.11,CO
504,Westminster 1,WMS1,10.50.237.11,CO
505,Sheridan,SHR1,10.50.224.11,CO
506,Centennial,CNT1,10.50.253.11,CO
507,Aurora 3,ARA3,10.51.30.11,CO
508,Huntington Beach 5,D0508,10.50.171.11,CA
509,Colorado Springs 5,D0509,10.53.198.11,CO
510,Cincinnati 4,D0510,10.54.237.11,OH
511,Lone Tree,LTR1,10.51.36.11,CO
512,Colorado Springs 1,CSP1,10.50.243.11,CO
513,Lakewood,LKW1,10.50.234.11,CO
514,Odessa 1,D0514,10.50.194.11,FL
515,Arvada,ARV1,10.50.242.11,CO
516,Highlands Ranch 2,HLR2,10.51.26.11,CO
517,Highlands Ranch 1,HLR1,10.50.251.11,CO
518,Broomfield,BRM1,10.51.18.11,CO
519,Simpsonville 1,D0519,10.55.32.11,SC
520,Glendale,GDL1,10.51.20.11,CO
521,Colorado Springs 2,CSP2,10.51.15.11,CO
522,Aurora 2,ARA2,10.51.22.11,CO
523,Boulder,BLD1,10.51.35.11,CO
524,Loveland 1,LVL1,10.51.29.11,CO
525,Ft Collins 1,FTC1,10.51.38.11,CO
526,Ft Collins 2,FTC2,10.51.59.11,CO
527,Colorado Springs 3,CSP3,10.51.79.11,CO
528,Parker 2,D0528,10.53.114.11,CO
529,Fountain,FTN1,10.51.124.11,CO
530,Greeley 1,GRL1,10.51.67.11,CO
531,Longmont CO,D0531,10.53.48.11,CO
532,Colorado Springs 4,CSP4,10.51.31.11,CO
533,Aurora 4,ARA4,10.51.34.11,CO
534,Loveland 2,LVL2,10.51.54.11,CO
535,Denver 1,DEN1,10.51.56.11,CO
536,Aurora 5,ARA5,10.51.80.11,CO
537,Edgewater,EDW1,10.51.76.11,CO
538,Castle Rock,CRK1,10.51.102.11,CO
539,Brighton,BRT1,10.51.95.11,CO
540,Erie,D0540,10.54.154.11,CO
541,Lafayette,LFY1,10.51.132.11,CO
542,Brighton 2,D0542,10.54.104.11,CO
543,Parker 1,PRK1,10.51.130.11,CO
544,Lakewood 3,D0544,10.53.138.11,CO
545,Lakewood 2,LKW2,10.51.159.11,CO
546,Littleton 1,LTL1,10.51.87.11,CO
547,Denver 2,DEN2,10.51.206.11,CO
548,Commerce City,D0548,10.52.92.11,CO
549,Westminster 3,D0549,10.52.96.11,CO
550,Northglenn,D0550,10.52.54.11,CO
551,Pueblo,D0551,10.52.34.11,CO
552,Aurora 6,D0552,10.52.168.11,CO
553,Stapleton,D0553,10.53.72.11,CO
554,Monument,D0554,10.53.146.11,CO
555,Fountain 2,D0555,10.53.34.11,CO
556,Greeley 2,D0556,10.53.176.11,CO
557,Arvada 2,D0557,10.52.214.11,CO
558,Denver 3,D0558,10.53.18.11,CO
559,Littleton 2,D0559,10.54.158.11,CO
560,Vienna 1,D0560,10.55.20.11,VA
561,Albuquerque 1,ABQ1,10.51.70.11,NM
562,Albuquerque 2,ABQ2,10.51.72.11,NM
563,Albuquerque 3,ABQ3,10.51.155.11,NM
564,Albuquerque 4,ABQ4,10.51.103.11,NM
565,Rio Rancho 1,D0565,10.52.136.11,NM
566,Santa Fe,STF1,10.51.94.11,NM
567,Albuquerque 5,ABQ5,10.51.141.11,NM
568,Rio Rancho 2,D0568,10.52.20.11,NM
569,Albuquerque 6,D0569,10.52.156.11,NM
570,Meridian 1,MRD1,10.51.134.11,ID
571,Eagle 1,EGL1,10.51.152.11,ID
572,Santa Fe 2,D0572,10.53.66.11,NM
573,Kennesaw 1,D0573,10.55.30.11,GA
574,Albuquerque 7,D0574,10.52.204.11,NM
575,Albuquerque 8,D0575,10.53.60.11,NM
576,North Boise,D0576,10.54.131.11,ID
577,Long Beach 5 MKD,D0577,10.53.223.11,CA
578,Long Beach 4,D0578,10.53.215.11,CA
579,Wheat Ridge 2,D0579,10.53.241.11,CO
580,Cypress,D0580,10.54.139.11,CA
581,West Jordan 1,WJD1,10.51.101.11,UT
582,Midvale 1,MVL1,10.51.104.11,UT
583,Sandy,D0583,10.53.147.11,UT
584,Clinton 1,CLT1,10.51.146.11,UT
585,American Fork 1,AFK1,10.51.112.11,UT
586,Layton 1,LYT1,10.51.156.11,UT
587,Centerville 1,CTV1,10.51.126.11,UT
588,Salt Lake City,D0588,10.53.53.11,UT
589,South Jordan,D0589,10.54.86.11,UT
591,Aurora 8,D0591,10.53.209.11,CO
594,Wheat Ridge,D0594,10.54.220.11,CO
595,Fort Collins 3,D0595,10.53.171.11,CO
596,Stapleton 2,D0596,10.54.36.11,CO
597,Greenwood Village,D0597,10.54.76.11,CO
598,Denver 4,D0598,10.53.148.11,CO
599,Aurora 7,D0599,10.54.144.11,CO
600,Hialeah 2,D0600,10.51.71.11,FL
601,Las Vegas 18,D0601,10.54.229.11,NV
602,South Houston,SHS1-closed,10.51.10.11,TX
603,North Hollywood,D0603,10.54.213.11,CA
604,Spring 3,D0604,10.52.52.11,TX
605,Houston 6,HSN6,10.51.172.11,TX
606,Conroe 2,CNR2,10.51.178.11,TX
607,Spring 4,D0607,10.53.26.11,TX
608,Santa Rosa,D0608,10.54.199.11,CA
609,Houston 7,HSN7,10.51.216.11,TX
610,Surprise 4,D0610,10.54.231.11,AZ
611,College Station,D0611,10.52.100.11,TX
612,Houston 8,HSN8,10.51.218.11,TX
613,Katy 3,D0613,10.52.62.11,TX
614,Pico Rivera,D0614,10.54.189.11,CA
615,Pearland 2,D0615,10.52.64.11,TX
616,Tomball,D0616,10.52.172.11,TX
617,Houston 9,D0617,10.52.230.11,TX
618,Bryan,D0618,10.52.106.11,TX
619,Colorado Springs 7,D0619,10.54.197.11,CO
620,Cypress 3,D0620,10.52.154.11,TX
621,Shenandoah,D0621,10.52.180.11,TX
622,League City 2,D0622,10.53.52.11,TX
623,Baytown,D0623,10.53.98.11,TX
624,Kingwood,D0624,10.53.218.11,TX
625,Fulshear,D0625,10.53.154.11,TX
626,Lake Jackson,D0626,10.52.206.11,TX
627,Katy 5,D0627,10.53.250.11,TX
628,Cypress 4,D0628,10.53.186.11,TX
629,Spring 5,D0629,10.53.214.11,TX
630,Houston 10,D0630,10.53.235.11,TX
631,Sugar Land 1,SGL1,10.51.55.11,TX
632,Missouri City 1,MIC1,10.51.69.11,TX
633,Katy 1,KTY1,10.51.116.11,TX
634,Pearland 1,PRL1,10.51.114.11,TX
635,The Woodlands,TWL1,10.51.82.11,TX
636,Friendswood,D0636,10.53.24.11,TX
637,Clear Lake 1,CLK1,10.51.93.11,TX
638,League City 1,LCT1,10.51.128.11,TX
639,Sugar Land 2,SGL2,10.51.92.11,TX
640,Cypress 1,CPS1,10.51.123.11,TX
641,Cypress 2,D0641,10.52.72.11,TX
642,Houston 5,D0642,10.52.84.11,TX
643,Conroe 1,CNR1,10.51.127.11,TX
644,Humble 1,HMB1,10.51.110.11,TX
645,Katy 2,KTY2,10.51.150.11,TX
646,Spring 1,SPG1,10.51.119.11,TX
647,Houston 2,HSN2,10.51.140.11,TX
648,Houston 3,HSN3,10.51.125.11,TX
649,Houston 4,HSN4,10.51.147.11,TX
650,Spring 2,SPG2,10.51.158.11,TX
651,Downey 2,D0651,10.53.213.11,CA
652,Montgomery,D0652,10.54.32.11,TX
653,Hedwig Village,D0653,10.53.150.11,TX
654,Sugar Land 3,D0654,10.53.69.11,TX
655,Aliana,D0655,10.54.84.11,TX
656,Kingwood 2,D0656,10.54.185.11,TX
657,Conroe 3,D0657,10.54.37.11,TX
658,Pasadena 1,D0658,10.53.193.0,TX
659,Peoria 4,D0659,10.54.71.11,AZ
660,La Mesa 2,D0660,10.54.173.11,CA
661,Seattle 5,D0661,10.54.111.11,WA
662,Deerfield Beach 1,D0662,10.54.125.11,FL
663,Colorado Springs 6,D0663,10.54.191.11,CO
664,Alexandria 2,D0664,10.54.235.11,VA
665,Albuquerque 9,D0665,10.53.245.11,NM
667,Riverton 1,D0667,10.53.247.0,UT
668,Kansas City 7,D0668,10.54.153.11,MO
669,Lakewood 2 CA,D0669,10.53.143.11,CA
670,Portland 4,D0670,10.54.245.11,OR
671,Fairview Heights,D0671,10.53.141.11,IL
672,Thornton 1,D0672,10.55.55.11,CO
673,Falcon,D0673,10.50.68.11,CO
674,Trinity 1,D0674,10.54.133.11,FL
675,Clearwater 1,D0675,10.54.155.11,FL
676,Sacramento 7,D0676,10.54.209.11,CA
678,Moore 1,D0678,10.54.81.11,OK
679,West Chester 2,D0679,10.50.184.11,OH
680,Silver Spring 1,D0680,10.53.227.11,MD
681,Greenwood Village 2,D0681,10.54.253.11,CO
682,Silver Spring 2,D0682,10.55.35.11,MD
683,Lake Nona 3 KD,D0683,10.54.95.11,FL
684,Bellevue 2,D0684,10.54.121.11,WA
685,Wildomar 3,D0685,10.54.147.11,CA
686,Sarasota 2,D0686,10.50.42.11,FL
687,Metairie 2,D0687,10.54.29.11,LA
688,Mandeville,D0688,10.53.243.0,LA
689,Baton Rouge 3,D0689,10.54.68.11,LA
690,Lake Charles,D0690,10.54.82.11,LA
691,Miramar 1,D0691,10.54.193.11,FL
692,O'Fallon 1,D0692,,IL
693,Metairie,D0693,10.53.164.11,LA
694,Slidell,D0694,10.53.202.11,LA
695,Kansas City 8,D0695,10.54.113.159,MO
696,Denham Springs,D0696,10.52.236.11,LA
697,Baton Rouge 1,D0697,10.53.12.11,LA
698,Lafayette LA,D0698,10.53.32.11,LA
699,Baton Rouge 2,D0699,10.53.142.11,LA
700,Happy Valley 1,D0700,10.55.13.11,OR
701,McKinney 1,MKN1,10.50.223.11,TX
702,Prosper 1,D0702,10.54.34.11,TX
703,Frisco 2,FRS2,10.50.227.11,TX
704,Allen 1,ALN1,10.50.235.11,TX
705,Cross Roads,D0705,10.53.134.11,TX
706,Wylie 1,WYL1,10.51.21.11,TX
707,Flower Mound 1,FMD1,10.51.13.11,TX
708,Charlotte 2,D0708,10.55.47.11,NC
709,Burleson,BRL1,10.51.41.11,TX
710,Greenville 2,D0710,10.55.46.11,SC
711,Coppell,CPL1,10.51.57.11,TX
712,Rockwall 1,RWL1,10.51.118.11,TX
713,Cedar Hill,CDH1,10.51.63.11,TX
714,Denver 6,D0714,10.54.215.11,CO
715,Corinth,CTH1,10.50.250.11,TX
716,Forney,FNY1,10.50.254.11,TX
717,Mansfield 1,MNF1,10.51.91.11,TX
718,Dallas 1,DLS1,10.51.24.11,TX
719,Leander 1,D0719,10.55.22.11,TX
720,Mesquite,MSQ1,10.51.27.11,TX
721,Plano 2,PNO2,10.51.64.11,TX
722,Ft Worth 1,FTW1,10.51.37.11,TX
723,Cedar Park,CPK1,10.51.46.11,TX
724,Carrollton 1,CRT1,10.51.28.11,TX
725,Plano 1,PNO1,10.51.58.11,TX
726,Frisco 1,FRS1,10.51.53.11,TX
727,Fort Worth 4,D0727,10.53.232.11,TX
728,New Braunfels,NBR1,10.51.51.11,TX
729,San Antonio 1,SAT1,10.51.49.11,TX
730,Dallas 2,DLS2,10.51.98.11,TX
731,Ft Worth 2,FTW2,10.51.100.11,TX
732,Euless 1,EUL1,10.51.169.11,TX
733,Denton,D0733,10.52.78.0,TX
734,Lake Worth,D0734,10.54.100.11,TX
735,Garland,GRD1,10.51.220.11,TX
736,Fort Worth 3,D0736,10.52.170.11,TX
737,N. Richland Hills,D0737,10.53.50.11,TX
738,Lewisville,D0738,10.52.116.11,TX
739,Roanoke,D0739,10.53.70.11,TX
740,Midlothian,D0740,10.54.176.11,TX
741,Arlington,D0741,10.54.244.11,TX
742,Little Elm,D0742,10.54.178.11,TX
743,Rowlett,D0743,10.53.157.11,TX
744,Dallas 4,D0744,10.53.199.11,TX
745,Mansfield 2,D0745,10.53.79.11,TX
746,Dallas 3,D0746,10.53.13.11,TX
747,Hudson Oaks,D0747,10.53.151.11,TX
748,Fort Worth 5,D0748,10.54.73.11,TX
749,Hollywood 1,D0749,10.54.243.24,FL
750,Grand Prairie 1,D0750,10.53.191.11,TX
751,Waxahachie 1,D0751,10.53.251.11,TX
752,Columbia 3,D0752,10.54.205.11,SC
753,Corona 5,D0753,10.54.251.11,CA
754,Oklahoma City 1,D0754,10.54.159.11,OK
755,Frisco 3,D0755,10.54.89.11,TX
756,Oceanside 5,D0756,10.50.71.11,CA
757,Waco 1,D0757,10.53.249.11,TX
758,Las Vegas 21,D0758,10.50.44.11,NV
759,Lake Worth 1,D0759,10.54.123.11,FL
760,Naples 4,D0760,10.54.31.11,FL
761,Herndon 1,D0761,10.54.39.11,VA
762,Herndon 2,D0762,10.54.49.,VA
763,Mason 1,D0763,10.54.99.11,OH
764,West Chester 1,D0764,10.54.135.11,OH
765,Union 1,D0765,10.54.85.11,KY
766,Hialeah 3,D0766,10.54.107.11,FL
767,Cincinnati 3,D0767,10.54.53.11,OH
768,Springdale 1,D0768,10.53.115.11,OH
769,Cincinnati 2,D0769,10.53.55.11,OH
770,Cincinnati 1,D0770,10.53.127.11,OH
771,Austin 1,AUS1,10.51.60.11,TX
772,Pflugerville 1,PFL1,10.51.68.11,TX
773,Austin 2,AUS2,10.51.153.11,TX
774,Bulverde,D0774,10.53.212.11,TX
775,San Antonio 2,SAT2,10.51.99.11,TX
776,San Antonio 3,SAT3,10.51.113.11,TX
777,Universal City 1,UNC1,10.51.115.11,TX
778,Round Rock 1,RRK1,10.51.149.11,TX
779,Bee Cave 1,BCV1,10.51.163.11,TX
780,Austin 3,AUS3,10.51.179.11,TX
781,Austin 4,AUS4,10.51.160.11,TX
782,Round Rock 2,D0782,10.52.108.11,TX
783,Killeen,D0783,10.54.130.11,TX
784,Bastrop,D0784,10.53.144.11,TX
785,Georgetown,D0785,10.54.20.11,TX
786,New Braunfels 2,D0786,10.53.132.11,TX
787,Hutto,D0787,10.53.178.11,TX
788,Summerville 1,D0788,10.54.163.11,SC
789,San Antonio 5,D0789,10.53.33.11,TX
790,San Antonio 6,D0790,10.53.181.11,TX
791,San Antonio 7,D0791,10.53.195.11,TX
792,San Antonio 8,D0792,10.54.165.11,TX
793,Sarasota 1,D0793,10.54.115.11,FL
794,Nashville 6,D0794,10.54.83.11,TN
795,Hanford 1,D0795,10.55.51.11,CA
796,Nashville 4,D0796,10.54.143.11,TN
797,Greenville 1,D0797,10.53.201.0,SC
798,Lake Wylie 1,D0798,10.53.205.11,SC
799,Minnetonka 1,D0799,10.54.45.11,MN
800,Charlotte 1,D0800,10.54.137.11,NC
801,Belton 1,BLT1,10.51.136.11,MO
802,Blue Springs 1,D0802,10.52.32.11,MO
803,Kansas City 1,KSC1,10.51.196.11,MO
804,Kansas City 2,KSC2,10.51.170.11,MO
805,Kansas City 3,KSC3,10.51.137.11,MO
806,Creve Coeur,D0806,10.52.162.11,MO
807,St Louis 2,STL2,10.51.173.11,MO
808,Colorado Springs 9,D0808,10.51.221.11,CO
809,O'Fallon,OFL1,10.51.186.11,MO
810,Denver 7,D0810,10.50.39.11,CO
811,St. Louis 1,STL1,10.51.192.11,MO
812,Chesterfield,D0812,10.52.98.11,MO
813,St Charles,D0813,10.53.120.11,MO
814,Sharonville 1,D0814,10.55.14.11,OH
815,Ladue,D0815,10.52.90.11,MO
816,Arnold,D0816,10.52.22.11,MO
817,Manchester,D0817,10.52.186.11,MO
818,Rock Hill,D0818,10.53.228.11,MO
820,Independence 1,D0820,10.53.135.11,MO
821,St. Peters,D0821,10.53.221.11,MO
822,Liberty 1,D0822,,MO
823,Lenexa 2,D0823,10.54.179.11,KS
824,Lawrence 2,D0824,10.54.97.11,KS
825,Blue Springs 3 MKD,D0825,10.53.41.11,MO
826,Derby,D0826,10.53.85.11,KS
827,Kansas City 6,D0827,10.53.65.11,KS
828,Olathe 3,D0828,10.53.217.11,KS
829,Olathe 2,D0829,10.54.200.11,KS
830,Wichita 2,D0830,10.54.140.11,KS
831,Wichita,D0831,10.54.132.11,KS
832,Overland Park 3,D0832,10.54.180.11,KS
833,Prairie Village,D0833,10.54.62.11,KS
834,Blue Springs 2,D0834,10.54.14.11,MO
835,Lawrence,D0835,10.53.15.11,KS
836,Overland Park 2,D0836,10.53.194.11,KS
837,Kansas City 5,D0837,10.53.16.11,MO
838,Olathe,D0838,10.53.28.11,KS
839,Lees Summit,LST1,10.51.226.11,MO
840,Overland Park,OLP1,10.51.190.11,KS
841,Kansas City 4,KSC4,10.51.164.11,KS
842,Merriam 1,D0842,10.52.40.11,KS
843,Shawnee,D0843,10.52.184.11,KS
844,Smyrna,D0844,10.52.252.11,TN
845,Mt Juliet,D0845,10.53.166.11,TN
846,Clarksville 1,D0846,10.53.184.11,TN
847,Lutz 2,D0847,10.54.161.11,FL
848,Murfreesboro 1,D0848,10.54.60.11,TN
849,Gallatin,D0849,10.53.128.11,TN
850,Nashville 2,D0850,10.52.202.11,TN
851,Clarksville 2,D0851,10.54.66.11,TN
852,Murfreesboro 2,D0852,10.53.170.11,TN
853,Nashville 1,D0853,10.54.52.11,TN
854,Hendersonville,D0854,10.54.44.11,TN
855,Spring Hill,D0855,10.54.202.11,TN
856,Estero,D0856,10.54.127.11,FL
857,Hermitage 1,D0857,10.54.59.11,TN
858,Knoxville 1,D0858,10.54.136.11,TN
859,Knoxville 2,D0859,10.53.59.11,TN
860,Franklin,D0860,10.53.31.11,TN
861,Alcoa,D0861,10.54.222.11,TN
862,Oak Ridge,D0862,10.54.166.11,TN
863,Nashville 3,D0863,10.53.173.11,TN
864,Chattanooga 1,D0864,10.53.169.11,TN
865,Doral 1,D0865,10.53.229.11,FL
866,Port Charlotte,D0866,10.53.237.11,FL
867,Atlanta 4,D0867,10.54.57.11,GA
868,Columbia 2,D0868,10.54.79.11,SC
869,Chelmsford,D0869,10.54.87.11,MA
870,Blaine,D0870,10.52.114.11,MN
871,Richfield,D0871,10.52.44.11,MN
872,Chaska,D0872,10.52.58.11,MN
873,Woodbury,D0873,10.52.164.11,MN
874,Eagan,D0874,10.52.246.11,MN
875,Chanhassen,D0875,10.52.254.11,MN
876,St. Louis Park,D0876,10.52.176.11,MN
877,Maple Grove,D0877,10.52.240.11,MN
878,Champlin,D0878,10.53.54.11,MN
879,Bloomington,D0879,10.53.64.11,MN
880,Columbia Heights,D0880,10.53.58.11,MN
881,White Bear Lake,D0881,10.53.86.11,MN
882,Eden Prairie,D0882,10.53.204.11,MN
883,Savage,D0883,10.53.180.11,MN
884,St Paul,D0884,10.54.28.11,MN
885,Lake Nona 2,D0885,10.54.167.11,FL
886,Woodbury 2,D0886,10.53.71.11,MN
887,Canton,D0887,10.55.29.11,MA
888,Powdersville 1,D0888,10.53.183.11,SC
889,Atlanta 3,D0889,10.53.161.11,GA
890,Winter Park 1,D0890,10.53.175.11,FL
891,Lithia,D0891,10.54.47.11,FL
892,Davenport,D0892,10.53.253.11,FL
893,Ocoee,D0893,10.53.155.11,FL
894,Clermont 2,D0894,10.54.239.11,FL
895,Homestead,D0895,10.54.55.11,FL
897,Burlington 1,D0897,10.53.131.11,MA
898,Ft. Lauderdale,D0898,10.53.97.11,FL
899,Brandon,D0899,10.53.167.11,FL
900,Blue Ash 1,D0900,10.55.16.11,OH
901,Canton,CTN1,10.51.183.11,GA
902,Marietta,MRT1,10.51.184.11,GA
903,Sandy Springs 1,D0903,10.52.24.11,GA
904,Acworth,D0904,10.52.70.11,GA
905,Austell,D0905,10.52.158.11,GA
906,Alpharetta,D0906,10.52.46.11,GA
907,Hiram,D0907,10.52.60.11,GA
908,Riverview 2,D0908,10.55.74.11,FL
909,Roswell,D0909,10.52.228.11,GA
910,Las Vegas 16,D0910,10.55.48.11,NV
911,Peachtree City,D0911,10.52.88.11,GA
912,Snellville,D0912,10.52.86.11,GA
913,Fayetteville,D0913,10.52.130.11,GA
914,Seattle 4,D0914,10.54.223.11,WA
915,Conyers,D0915,10.52.112.11,GA
916,Lawrenceville,D0916,10.53.94.11,GA
917,Marietta 2,D0917,10.53.226.11,GA
918,Loganville,D0918,10.53.130.11,GA
920,Macon,D0920,10.53.88.11,GA
921,Sandy Springs 2,D0921,10.53.90.11,GA
922,Chamblee,D0922,10.53.196.11,GA
923,Decatur,D0923,10.53.208.11,GA
924,Atlanta 1,D0924,10.53.110.11,GA
925,Cartersville,D0925,10.53.200.11,GA
926,Smyrna GA,D0926,10.53.210.11,GA
927,Bristow,D0927,10.53.129.11,VA
928,Cumming,D0928,10.53.168.11,GA
929,Woodstock,D0929,10.54.10.11,GA
930,Buford,D0930,10.54.106.11,GA
931,Waltham,D0931,10.53.73.11,MA
932,Manassas 1,D0932,,VA
933,Atlanta 2,D0933,10.53.111.11,GA
934,Marietta 3,D0934,10.54.67.11,GA
935,Nashville 8,D0935,10.55.43.11,TN
936,Falls Church,D0936,10.53.87.11,VA
937,Hanover,D0937,10.54.208.11,MA
938,Milford,D0938,10.54.25.11,MA
939,Shrewsbury,D0939,10.54.170.11,MA
940,Attleboro,D0940,10.54.126.11,MA
941,Orlando 1,D0941,10.53.112.11,FL
942,Lady Lake,D0942,10.53.122.11,FL
943,Lake Nona,D0943,10.54.38.11,FL
944,Wildwood,D0944,10.53.68.11,FL
945,Clermont,D0945,10.53.182.11,FL
946,Eustis,D0946,10.53.188.11,FL
947,Lake Mary,D0947,10.53.240.11,FL
948,Melbourne 2,D0948,10.54.94.11,FL
949,Lakeland,D0949,10.54.72.11,FL
950,Melbourne 1,D0950,10.54.30.11,FL
951,Durango HC,CYP-OSH,10.60.154.11,NV
952,Oviedo,D0952,10.54.134.11,FL
953,Riverview,D0953,10.53.39.11,FL
954,Sterling,D0954,10.53.234.11,VA
955,Gainesville,D0955,10.54.24.11,VA
956,Springfield,D0956,10.54.88.11,VA
957,Fairfax,D0957,10.54.174.11,VA
958,Chantilly,D0958,10.54.156.11,VA
959,Chantilly 2,D0959,10.53.61.11,VA
960,Alexandria,D0960,10.54.224.11,VA
961,Port Orange,D0961,10.54.246.11,FL
962,Orlando 2,D0962,10.53.51.11,FL
963,Lakeland 2,D0963,10.54.160.11,FL
964,Lutz,D0964,10.53.63.11,FL
965,Winter Springs,D0965,10.54.48.11,FL
966,Sanford,D0966,10.53.149.11,FL
967,Tampa 1,D0967,10.54.190.11,FL
968,Falls Church 2,D0968,10.53.225.11,VA
969,Winterhaven,D0969,10.54.51.11,FL
970,Miami 2,D0970,10.54.248.11,FL
971,Columbia 1,D0971,10.54.54.11,SC
972,Lexington 1,D0972,10.54.92.11,SC
973,Lexington 2,D0973,10.53.27.11,SC
974,Rock Hill 1,D0974,10.54.65.11,SC
975,Chapin,D0975,10.53.47.11,SC
976,Lexington 3,D0976,10.53.19.11,SC
977,West Columbia,D0977,10.54.232.11,SC
978,Indian Land,D0978,10.53.203.11,SC
979,Miami 3,D0979,10.53.99.11,FL
980,Westborough,D0980,10.53.75.11,MA
981,Boynton Beach,D0981,10.53.133.11,FL
982,Naples 2,D0982,10.53.101.0,FL
983,Naples 3,D0983,10.54.77.11,FL
984,Coral Gables,D0984,10.54.226.11,FL
985,Naples 1,D0985,10.54.188.11,FL
986,Royal Palm Beach,D0986,10.53.139.11,FL
987,Fort Myers,D0987,10.54.168.11,FL
988,Pembroke Pines 2,D0988,10.54.152.11,FL
989,Palm Beach Gardens,D0989,10.53.67.11,FL
990,Weston,D0990,10.53.118.11,FL
991,Miami Shores,D0991,10.53.104.11,FL
992,Coral Springs,D0992,10.54.12.11,FL
993,Davie 1,D0993,10.53.92.11,FL
994,Miami 1,D0994,10.53.56.11,FL
995,Pembroke Pines,D0995,10.53.242.11,FL
996,Oakland Park,D0996,10.53.14.11,FL
997,Palmetto Bay,D0997,10.53.222.11,FL
998,Sunrise,D0998,10.52.226.11,FL
999,Mansfield 1 MA,D0999,10.54.41.11,MA
1001,Denver 8,D1001,10.55.42.11,CO
1002,Oakland Park 2,D1002,10.55.31.11,FL
1003,Fort Myers 2,D1003,10.55.45.11,FL
1005,Coon Rapids 1,D1005,10.55.70.11,MN
1006,Buckeye 3,D1006,10.54.241.11,AZ
1007,Buckeye 4,D1007,10.51.237.11,AZ
1008,Boca Raton 1,D1008,10.55.34.11,FL
1009,Murfreesboro 4,D1009,10.51.202.11,TN
1010,Rancho Cordova 3,D1010,10.55.73.11,CA
1011,Las Vegas 19,D1011,10.50.180.11,NV
1012,Katy 6,D1012,10.52.45.11,TX
1013,Chula Vista 4,D1013,10.55.44.11,CA
1015,Aurora 9,D1015,10.51.193.11,CO
1016,Oak Park Heights 1,D1016,10.55.59.11,MN
1017,Springfield 2,D1017,10.55.57.11,VA
1019,Colorado Springs 8,D1019,10.51.209.11,CO
1020,Leesburg 1,D1020,10.55.62.11,VA
1021,Clarksville 3,D1021,10.55.28.11,TN
1022,Las Vegas 20,D1022,10.55.68.11,NV
1023,Las Vegas HC 20,D1023,10.65.68.11,NV
1024,Watertown 1,D1024,10.50.52.11,MA
1025,Real Smiles,D1025,,CA
1026,Arvada 3,D1026,10.51.195.11,CO
1027,Seattle 6,D1027,10.55.36.11,WA
1028,Moncks Corner 1,D1028,10.55.69.11,SC
1029,Charleston 1,D1029,10.51.225.11,SC
1030,Covington 1,D1030,10.50.73.11,LA
1032,Magnolia 1,D1032,10.50.67.11,TX
1033,Mt. Juliet 2,D1033,10.55.39.11,TN
1034,Mission Valley 2,D1034,10.55.63.11,CA
1035,Framingham 1,D1035,10.50.74.11,MA
1036,San Diego 12,D1036,10.55.61.11,CA
1037,Winchester,D1037,10.50.58.11,CA
1038,Surprise 5,D1038,10.50.45.11,AZ
1039,Rancho Cordova 4,D1039,10.50.50.11,CA
1040,Peoria 5,D1040,,AZ
1042,Gaithersburg 1,D1042,10.50.55.11,MD
1044,Sahara HC,D1044,10.64.151.11,NV
1045,Davenport 2,D1045,10.51.187.11,FL
1046,Laguna Hills 1,D1046,10.55.65.11,CA
1048,Merced 1,D1048,10.50.134.11,CA
1049,New Caney 1,D1049,10.50.76.11,TX
1050,Scottsdale 7,D1050,10.55.77.11,AZ
1051,Canoga Park,D1051,10.55.56.11,CA
1052,Mesa 6,D1052,10.55.37.11,AZ
1053,Montebello 1,D1053,10.55.53.11,CA
1054,Queen Creek 5,D1054,10.50.66.11,AZ
1055,San Antonio 9,D1055,10.50.169.11,TX
1056,San Jacinto 2,D1056,10.55.66.11,CA
1057,Olympia 1,D1057,10.50.51.11,WA
1058,Boise 2,D1058,10.55.64.11,ID
1059,Queen Creek 6,D1059,10.50.63.11,AZ
1060,Plymouth 1,D1060,10.55.71.11,MN
1062,Cincinnati 5,D1062,10.50.178.11,OH
1069,San Marcos 3,D1069,10.50.48.11,CA
1070,Gibsonton 1,D1070,10.51.241.11,FL
1071,Apple Valley 1,D1071,10.55.76.11,MN
1072,Kissimmee 1,D1072,,FL
1073,Miami 4,D1073,10.55.75.11,FL
1074,Cibolo 1,D1074,10.51.191.11,TX
1075,Burleson 2,D1075,10.50.65.11,TX
1076,Pittsburg 1,D1076,10.50.54.11,CA
1077,Las Vegas 17,D1077,10.50.57.11,NV
1078,Fremont 1,D1078,10.51.201.11,CA
1079,Surprise 6,D1079,10.50.70.11,AZ
1080,Cathedral City 1,D1080,10.50.49.11,CA
1081,Cottage Grove 1,D1081,10.50.75.11,MN
1082,Florence 1,D1082,10.50.61.11,KY
1083,Altamonte Springs 1,D1083,10.50.46.11,FL
1084,West Roxbury 1,D1084,10.50.62.11,MA
1085,McKinney 3,D1085,10.51.223.0/24,TX
1087,Denver 9,D1087,10.50.136.11,CO
1088,Boynton Beach 3,D1088,10.51.203.11,FL
1089,Austin 5,D1089,10.52.63.11,TX
1090,Henderson 11,D1090,10.50.59.11,NV
1091,Tucson 11,D1091,10.50.53.11,AZ
1092,Henderson 12,D1092,10.50.43.11,NV
1093,Davis 2,D1093,10.50.69.11,CA
1094,Woodland 2,D1094,10.51.219.11,CA
1095,Hixson 1,D1095,,TN
1096,Shadow Mountain 1 HC,M1096,10.60.197.11,NV
1097,Harvey 1,D1097,10.50.60.11,LA
1098,Moreno Valley 3,D1098,10.50.64.11,CA
1099,Garden Grove 1,D1099,10.51.233.11,CA
1102,Swampscott 1,D1102,10.51.235.11,MA
1103,Andover,D1103,,KS
1104,Torrance 3,D1104,10.51.83.11,CA
1105,Raymore,D1105,,MO
1106,Miami 5,D1106,10.51.231.11,FL
1107,Murrieta 7,D1107,10.50.72.11,CA
1109,Chino 2,D1109,10.50.149.11,CA
1110,San Dimas 2,D1110,10.51.189.11,CA
1111,Longmont 2,D1111,,CO
1112,Buckeye HC 1,M1112,10.50.79.11,AZ
1113,Phoenix HC 1,M1113,10.50.80.11,AZ
1114,Peoria HC 1,M1114,10.50.81.11,AZ
1115,Laveen HC 1,M1115,10.50.83.11,AZ
1116,Lacey 2,D1116,10.51.19.11,WA
1118,O'Fallon 1,D1118,,IL
1120,Upland 3,D1120,10.50.173.11,CA
1121,Santa Ana 1,D1121,10.51.81.11,CA
1123,Lemon Grove 1,D1123,,CA
1124,Irvine 5,D1124,10.50.153.11,CA
1125,Rancho Cucamonga 6,D1125,10.51.217.11,CA
1127,Peoria 6,D1127,10.52.59.11,AZ
1128,Long Beach 6,D1128,10.51.242.11,CA
1129,Alhambra 1,D1129,10.50.172.11,CA
1133,Chandler 3,D1133,10.51.245.11,AZ
1134,San Juan Capistrano 1,D1134,10.51.246.11,CA
1135,Citrus Heights 2,D1135,10.51.199.11,CA
1136,Rosemead 1,D1136,10.51.197.11,CA
1137,Hurst 1,D1137,10.51.205.11,TX
1142,Katy 7,D1142,10.51.249.11,TX
1144,Charlotte 3,D1144,10.51.65.11,NC
1145,Worcester 1,D1145,10.51.239.11,MA
1146,San Ramon 1,D1146,10.50.209.11,CA
1147,Miami 8,D1147,10.51.227.11,FL
1149,Powell 1,D1149,,TN
1150,Westminster 4,D1150,,CO
1153,Cincinnati 6,D1153,10.51.248.11,OH
1154,Maitland 1,D1154,10.52.29.11,FL
1155,Buckeye 5,D1155,,AZ
1156,Orlando 3,D1156,10.52.35.11,FL
1157,Long Beach 7,D1157,,CA
1158,Folsom 3,D1158,10.51.215.11,CA
1159,Fort Myers 3,D1159,10.51.229.11,FL
1160,Magnolia 2,D1160,10.51.247.11,TX
1161,Albuquerque 10,D1161,,NM
1162,Gilbert 7,D1162,10.52.57.11,AZ
1163,Houston 11,D1163,10.51.213.11,TX
1164,Union City 1,D1164,10.52.27.11,CA
1167,Chandler 4,D1167,10.52.33.11,AZ
1168,Surprise 7,D1168,10.52.39.11,AZ
1170,Elk Grove 4,D1170,10.51.253.11,CA
1172,Plano 3,D1172,10.52.65.10,TX
1173,Las Vegas 23,D1173,,NV
1175,Santa Clarita 2,D1175,,CA
1177,Bellflower 1,D1177,10.52.25.11,CA
1179,Orange 2,D1179,10.51.251.11,CA
1180,Long Beach 8,D1180,10.52.23.11,CA
1181,Nampa 1,D1181,,ID
1182,San Jose 1,D1182,,CA
1183,San Diego 13,D1183,10.52.11.11,CA
1184,Jurupa Valley 1,D1184,,CA
1185,Santa Clara 1,D1185,10.52.21.11,CA
1186,Vallejo 1,D1186,10.51.254.11,CA
1187,Surprise HC 1,D1187,,AZ
1188,Henderson 13,D1188,10.52.19.11,NV
1189,Henderson 13 HC,D1189,10.62.19.11,NV
1190,Renton 2,D1190,,WA
1193,North Las Vegas 5,D1193,10.51.250.11,NV
1194,Albuquerque 11,D1194,,NM
1197,Mesa 7 HC,D1197,10.50.56.11,AZ
1198,Fontana 4,D1198,,CA
1199,Culver City 1,D1199,10.52.16.11,CA
1201,North Las Vegas 5 HC,D1201,,NV
1202,Reno 5,D1202,10.52.15.11,NV
1203,Santa Fe Springs 1,D1203,10.52.49.11,CA
1204,Reno 6,D1204,,NV
1205,Fresno 4,D1205,,CA
1213,Wildwood 2,D1213,10.52.55.11,FL
1214,Bothell 1,D1214,,WA
1215,Fountain 3,D1215,,CO
1217,Columbus 1,D1217,,OH
1219,Escondido 3,D1219,10.52.53.11,CA
1221,Melissa 1,D1221,,TX
1222,Norco 2,D1222,10.52.47.11,CA
1224,Boise 3,D1224,,ID
1225,West Sacramento 2,D1225,,CA
1231,Las Vegas 24,D1231,,NV
1236,Azusa 1,D1236,,CA
1237,Mooresville 1,D1237,,NC
1238,Frederick 1,D1238,,CO
1246,Gahanna 1,D1246,,OH
1247,Grand Terrace 1,D1247,,CA
1248,Golden 1,D1248,,CO
1250,Elmwood 1,D1250,,LA
1252,Fair Oaks 2,D1252,,CA
1257,Highland 2,D1257,,CA
1259,Falls Church 3,D1259,,VA
1264,Tucson 13,D1264,,AZ
1266,Palm Springs 2,D1266,,CA
1267,Rocklin 3,D1267,,CA
1273,Vinings 1,D1273,,GA
1276,Jacksonville 1,D1276,,FL
1277,Carlsbad 3,D1277,,CA
1284,Kissimmee 2,D1284,,FL
1292,Jacksonville 2,D1292,,FL
2001,Arizona Regional Office,AZSO,10.30.16.11,AZ
2002,Corona Regional Office,CRSO,10.51.73.11,CA
2003,San Diego Regional Office,SDTC,10.51.61.11,CA
2004,RMR Regional Office,DVSO,10.51.84.11,CO
2005,Dallas Support Center (DSC),DFWSO,10.31.74.0/23,TX
2006,Ontario Regional Office,OSO,10.51.148.11,CA
2008,Northern CA Regional Office,D2008,,CA
2009,Orange County Regional Office,D2009,,CA
2010,Innovation Center Henderson (ICH),D2010,,NV
2011,Gulf Coast Regional Office,HSNSO,10.31.20.11,TX
2012,Henderson Support Center (HSC),D2012,,NV
2013,Louisiana Regional Office,D2013,,LA
2014,Minnesota Regional Office,D2014,,MN
2015,New Mexico Regional Office,D2015,,NM
2016,Central Florida Training Center,D2016,,FL
2017,Washington Regional Office,D2017,,WA
2018,Colorado Regional Office,D2018,,CO
2019,HSC2-Covenant,D2019,,NV
2020,Miami Support Center,D2020,,FL
2021,Nashville Regional Office,D2021,10.31.144.11,TN
7110,Gilbert 1,D7110,,AZ
7127,Pacific Highlands 1,D7127,,CA
7217,Cottonwood,D7217,,AZ
7309,Sherwood,D7309,,OR
7365,Bonney Lake MKD,D7365,,WA
7542,Brighton 2 KD,D7542,,CO
7682,San Diego 7 KD,D7682,,CA
7703,Frisco 2,D7703,,TX
7802,Blue Springs 1,D7802,,MO
7809,O'Fallon MKD,D7809,,MO
7841,Kansas City 4,D7841,,KS
7844,Smyrna MKD,D7844,,TN
7872,Chaska,D7872,,MN
7905,Austell,D7905,,GA
7915,Conyers,D7915,,GA
7991,Miami Shores MKD,D7991,,FL
7992,Coral Springs MKD,D7992,,FL
8062,Rancho Cucamonga,D8062,,CA
8527,Colorado Springs 3,D8527,,CO
8529,Fountain,D8529,,CO
21173,Las Vegas 23 KD,D21173,,NV